{
  "output": {
    "usage": {
      "prompt_tokens": {
        "mean": 290.1666666666667
      },
      "completion_tokens": {
        "mean": 855.25
      }
    }
  },
  "NaturalnessScorer": {
    "naturalness_score": {
      "mean": 0.49694934778036376
    },
    "word_count": {
      "mean": 498.75
    },
    "unique_ratio": {
      "mean": 0.55775
    },
    "line_count": {
      "mean": 62.5
    },
    "repeat_frac": {
      "mean": 0.18824999999999995
    },
    "contraction_rate": {
      "mean": 0.0
    },
    "word_count_score": {
      "mean": 0.10158333333333332
    },
    "unique_ratio_score": {
      "mean": 0.7925
    },
    "line_count_score": {
      "mean": 0.30124999999999996
    },
    "repeat_frac_score": {
      "mean": 0.814
    },
    "contraction_score": {
      "mean": 0.47499999999999987
    }
  },
  "RhymeScorer": {
    "rhyme_score": {
      "mean": 0.8454166666666668
    },
    "rhyme_rate": {
      "mean": 0.1685833333333334
    },
    "rhyme_pairs": {
      "mean": 5.333333333333333
    },
    "total_pairs": {
      "mean": 30.833333333333332
    }
  },
  "AuthenticityScorer": {
    "authenticity_score": {
      "mean": 0.9916666666666667
    },
    "meta_commentary": {
      "mean": 0.0
    },
    "formal_words": {
      "mean": 0.0
    },
    "formal_expansions": {
      "mean": 0.16666666666666666
    },
    "header_ratio": {
      "mean": 0.0
    }
  },
  "LLMJudgeScorer": {
    "emotional_impact": {
      "mean": 8.833333333333334
    },
    "singability": {
      "mean": 8.583333333333334
    },
    "originality": {
      "mean": 7.916666666666667
    },
    "genre_fit": {
      "mean": 9.75
    },
    "overall": {
      "mean": 8.75
    }
  },
  "GenreClassifierScorer": {
    "genre_match": {
      "true_count": 12,
      "true_fraction": 1.0
    }
  },
  "model_latency": {
    "mean": 11.929479777812958
  }
}